Unnamed: 0,Unnamed: 1
"Hospital Accident and Emergency Activity - 2023-24


",
Publication date: 26th September 2024,
https://digital.nhs.uk/data-and-information/publications/statistical/hospital-accident--emergency-activity/2023-24,
https://digital.nhs.uk/data-and-information/publications/statistical/hospital-accident--emergency-activity/supporting-information,
,
"This is a joint publication between the Secondary Care Open Data and Publications Team and the Urgent and Emergency Care Teams. Each team uses a different data source for Accident & Emergency Data which enables a wider set of breakdowns and measures in the detailed reports.  
The data sources for this publication are:
• Emergency Care Dataset (ECDS)
• A&E Attendances and Emergency Admissions Monthly Situation Reports (MSitAE) 

This file provides some high level analyses of both ECDS and MSitAE data relating to A&E attendances in NHS hospitals, minor injury units and walk-in centres. This document provides data tables to support the summary report and to provide additional analysis. The annual publication covers the financial year ending March 2024 as well as earlier time periods.

Please note the MSitAE figures presented throughout this file account for revisions to historic data and may therefore differ slightly from those shown in the 'Hospital Accident and Emergency Activity, 2023-24; Quality Indicators (CQI) Open Data' file, which is based on data published at fixed points in the year.",
,
Table 1,"Summary of A&E Attendances (MSitAE), 2011-12 to 2023-24"
Table 2,"A&E Attendances by Department Type (MSitAE), 2011-12 to 2023-24"
Table 3,"Percentage of Patients Spending 4 Hours or Less in A&E (MSitAE), 2011-12 to 2023-24"
Table 4,"Average Number of Attendances of 4 Hours or Less (MSitAE), 2012-13 to 2023-24"
Table 5,"Average Number of Attendances Over 4 Hours (MSitAE), 2012-13 to 2023-24"
Table 6,"Percentage of Patients Spending 4 Hours or Less in A&E by Provider (MSitAE), 2023-24"
Table 7,"Patients Waiting Over 12 Hours From Decision to Admit to Admission to a Ward (MSitAE), 2012-13 to 2023-24"
Table 8,"Average Number of Attendances per Day by Month (MSitAE), 2018-19 to 2023-24"
Table 9,"Percentage of Attendances Admitted from A&E by Month (MSitAE), 2018-19 to 2023-24"
Table 10,"Percentage of Attendances Admitted from A&E by Year (MSitAE), 2011-12 to 2023-24"
Table 11,"Attendances Recorded by Type in A&E ECDS and A&E MSitAE, 2020-21 to 2023-24"
Table 12,"Comparison of Unplanned A&E Attendances in ECDS against those reported in MSitAE, broken down by the Organisation Type, 2020-21 to 2023-24"
Table 13,"Number of A&E Attendances, Recorded in A&E HES (Excluding Planned Follow-up Attendances) and MSitAE by each Provider, 2023-24"
,
,
Further information,
More about ECDS:,
Emergency Care Data Set (ECDS) - NHS Digital,
ECDS Technical Output Specification:,
DAPB0092-2062 : Commissioning Data Sets: Emergency Care Data Set - NHS Digital,
,
Contact details,
"Author: Secondary Care Open Data and Publications, NHS England",
Responsible Statistician: Karl Eichler,
Email: enquiries@nhsdigital.nhs.uk,
Press enquiries should be made to: Media Relations Manager: telephone 0300 303 3888,
,
Published by NHS England part of the Government Statistical Service,
NHS Digital is the trading name of the Health and Social Care Information Centre,
Copyright © 2024,
,
"You may re-use this document/publication (not including logos) free of charge in any format or medium, under the terms of the Open Government Licence v3.0.
To view this licence visit www.nationalarchives.gov.uk/doc/open-government-licence
or write to the Information Policy Team, The National Archives,
Kew, Richmond, Surrey, TW9 4DU;
or email psi.nationalarchives.gsi.gov.uk


",
